LocID,Location,VarID,Variant,Time,MidPeriod,PopMale,PopFemale,PopTotal,PopDensity
716,Zimbabwe,2,Medium,1950,1950.5,1369.575,1377.277,2746.852,7.101
716,Zimbabwe,2,Medium,1951,1951.5,1412.101,1420.147,2832.248,7.321
716,Zimbabwe,2,Medium,1952,1952.5,1456.883,1465.157,2922.04,7.553
716,Zimbabwe,2,Medium,1953,1953.5,1503.608,1512.054,3015.662,7.795
716,Zimbabwe,2,Medium,1954,1954.5,1552.073,1560.702,3112.775,8.046
716,Zimbabwe,2,Medium,1955,1955.5,1602.227,1611.062,3213.289,8.306
716,Zimbabwe,2,Medium,1956,1956.5,1654.09,1663.192,3317.282,8.575
716,Zimbabwe,2,Medium,1957,1957.5,1707.833,1717.237,3425.07,8.854
716,Zimbabwe,2,Medium,1958,1958.5,1763.707,1773.46,3537.167,9.144
716,Zimbabwe,2,Medium,1959,1959.5,1822.028,1832.144,3654.172,9.446
716,Zimbabwe,2,Medium,1960,1960.5,1883.108,1893.571,3776.679,9.763
716,Zimbabwe,2,Medium,1961,1961.5,1947.123,1957.915,3905.038,10.094
716,Zimbabwe,2,Medium,1962,1962.5,2014.035,2025.174,4039.209,10.441
716,Zimbabwe,2,Medium,1963,1963.5,2083.601,2095.125,4178.726,10.802
716,Zimbabwe,2,Medium,1964,1964.5,2155.402,2167.452,4322.854,11.174
716,Zimbabwe,2,Medium,1965,1965.5,2229.216,2241.962,4471.178,11.558
716,Zimbabwe,2,Medium,1966,1966.5,2304.832,2318.508,4623.34,11.951
716,Zimbabwe,2,Medium,1967,1967.5,2382.496,2397.329,4779.825,12.356
716,Zimbabwe,2,Medium,1968,1968.5,2462.904,2478.997,4941.901,12.775
716,Zimbabwe,2,Medium,1969,1969.5,2547.013,2564.313,5111.326,13.213
716,Zimbabwe,2,Medium,1970,1970.5,2635.483,2653.829,5289.312,13.673
716,Zimbabwe,2,Medium,1971,1971.5,2728.952,2748.026,5476.978,14.158
716,Zimbabwe,2,Medium,1972,1972.5,2827.171,2846.743,5673.914,14.667
716,Zimbabwe,2,Medium,1973,1973.5,2928.742,2948.983,5877.725,15.194
716,Zimbabwe,2,Medium,1974,1974.5,3031.721,3053.357,6085.078,15.73
716,Zimbabwe,2,Medium,1975,1975.5,3134.875,3159,6293.875,16.27
716,Zimbabwe,2,Medium,1976,1976.5,3237.296,3265.27,6502.566,16.809
716,Zimbabwe,2,Medium,1977,1977.5,3339.963,3372.862,6712.825,17.353
716,Zimbabwe,2,Medium,1978,1978.5,3445.791,3483.872,6929.663,17.913
716,Zimbabwe,2,Medium,1979,1979.5,3558.849,3601.172,7160.021,18.509
716,Zimbabwe,2,Medium,1980,1980.5,3681.893,3726.737,7408.63,19.151
716,Zimbabwe,2,Medium,1981,1981.5,3815.061,3860.521,7675.582,19.841
716,Zimbabwe,2,Medium,1982,1982.5,3956.834,4001.405,7958.239,20.572
716,Zimbabwe,2,Medium,1983,1983.5,4106.01,4148.736,8254.746,21.338
716,Zimbabwe,2,Medium,1984,1984.5,4260.76,4301.499,8562.259,22.133
716,Zimbabwe,2,Medium,1985,1985.5,4419.103,4458.386,8877.489,22.948
716,Zimbabwe,2,Medium,1986,1986.5,4580.838,4619.312,9200.15,23.782
716,Zimbabwe,2,Medium,1987,1987.5,4744.373,4782.829,9527.202,24.628
716,Zimbabwe,2,Medium,1988,1988.5,4904.609,4944.52,9849.129,25.46
716,Zimbabwe,2,Medium,1989,1989.5,5055.062,5098.79,10153.852,26.248
716,Zimbabwe,2,Medium,1990,1990.5,5190.943,5241.466,10432.409,26.968
716,Zimbabwe,2,Medium,1991,1991.5,5310.057,5370.951,10681.008,27.61
716,Zimbabwe,2,Medium,1992,1992.5,5412.866,5487.645,10900.511,28.178
716,Zimbabwe,2,Medium,1993,1993.5,5500.685,5592.09,11092.775,28.675
716,Zimbabwe,2,Medium,1994,1994.5,5576.105,5685.647,11261.752,29.111
716,Zimbabwe,2,Medium,1995,1995.5,5641.141,5769.58,11410.721,29.496
716,Zimbabwe,2,Medium,1996,1996.5,5697.076,5844.139,11541.215,29.834
716,Zimbabwe,2,Medium,1997,1997.5,5743.649,5909.605,11653.254,30.123
716,Zimbabwe,2,Medium,1998,1998.5,5779.689,5967.39,11747.079,30.366
716,Zimbabwe,2,Medium,1999,1999.5,5803.385,6019.337,11822.722,30.562
716,Zimbabwe,2,Medium,2000,2000.5,5814.303,6067.179,11881.482,30.713
716,Zimbabwe,2,Medium,2001,2001.5,5812.019,6111.887,11923.906,30.823
716,Zimbabwe,2,Medium,2002,2002.5,5799.658,6154.635,11954.293,30.902
716,Zimbabwe,2,Medium,2003,2003.5,5784.697,6197.522,11982.219,30.974
716,Zimbabwe,2,Medium,2004,2004.5,5776.947,6242.964,12019.911,31.071
716,Zimbabwe,2,Medium,2005,2005.5,5783.686,6293.011,12076.697,31.218
716,Zimbabwe,2,Medium,2006,2006.5,5807.51,6347.986,12155.496,31.422
716,Zimbabwe,2,Medium,2007,2007.5,5847.398,6408.522,12255.92,31.681
716,Zimbabwe,2,Medium,2008,2008.5,5902.459,6477.094,12379.553,32.001
716,Zimbabwe,2,Medium,2009,2009.5,5970.363,6556.601,12526.964,32.382
716,Zimbabwe,2,Medium,2010,2010.5,6049.024,6648.704,12697.728,32.823
716,Zimbabwe,2,Medium,2011,2011.5,6139.115,6755.208,12894.323,33.332
716,Zimbabwe,2,Medium,2012,2012.5,6240.533,6874.616,13115.149,33.902
716,Zimbabwe,2,Medium,2013,2013.5,6349.221,7001.157,13350.378,34.51
716,Zimbabwe,2,Medium,2014,2014.5,6459.915,7126.795,13586.71,35.121
716,Zimbabwe,2,Medium,2015,2015.5,6568.778,7245.864,13814.642,35.711
716,Zimbabwe,2,Medium,2016,2016.5,6674.206,7356.132,14030.338,36.268
716,Zimbabwe,2,Medium,2017,2017.5,6777.054,7459.545,14236.599,36.801
716,Zimbabwe,2,Medium,2018,2018.5,6879.119,7559.693,14438.812,37.324
716,Zimbabwe,2,Medium,2019,2019.5,6983.353,7662.12,14645.473,37.858
716,Zimbabwe,2,Medium,2020,2020.5,7092.01,7770.917,14862.927,38.42
716,Zimbabwe,2,Medium,2021,2021.5,7205.231,7886.94,15092.171,39.013
716,Zimbabwe,2,Medium,2022,2022.5,7322.449,8008.977,15331.426,39.631
716,Zimbabwe,2,Medium,2023,2023.5,7444.481,8136.542,15581.023,40.277
716,Zimbabwe,2,Medium,2024,2024.5,7572.222,8268.58,15840.802,40.948
716,Zimbabwe,2,Medium,2025,2025.5,7706.226,8404.259,16110.485,41.645
716,Zimbabwe,2,Medium,2026,2026.5,7846.812,8543.577,16390.389,42.369
716,Zimbabwe,2,Medium,2027,2027.5,7993.674,8686.77,16680.444,43.119
716,Zimbabwe,2,Medium,2028,2028.5,8145.813,8833.517,16979.33,43.891
716,Zimbabwe,2,Medium,2029,2029.5,8301.803,8983.371,17285.174,44.682
716,Zimbabwe,2,Medium,2030,2030.5,8460.496,9135.945,17596.441,45.486
716,Zimbabwe,2,Medium,2031,2031.5,8621.434,9290.953,17912.387,46.303
716,Zimbabwe,2,Medium,2032,2032.5,8784.514,9448.15,18232.664,47.131
716,Zimbabwe,2,Medium,2033,2033.5,8949.317,9607.194,18556.511,47.968
716,Zimbabwe,2,Medium,2034,2034.5,9115.473,9767.739,18883.212,48.813
716,Zimbabwe,2,Medium,2035,2035.5,9282.642,9929.452,19212.094,49.663
716,Zimbabwe,2,Medium,2036,2036.5,9450.409,10092.012,19542.421,50.517
716,Zimbabwe,2,Medium,2037,2037.5,9618.382,10255.118,19873.5,51.373
716,Zimbabwe,2,Medium,2038,2038.5,9786.172,10418.372,20204.544,52.228
716,Zimbabwe,2,Medium,2039,2039.5,9953.443,10581.382,20534.825,53.082
716,Zimbabwe,2,Medium,2040,2040.5,10119.831,10743.779,20863.61,53.932
716,Zimbabwe,2,Medium,2041,2041.5,10285.074,10905.268,21190.342,54.777
716,Zimbabwe,2,Medium,2042,2042.5,10448.849,11065.596,21514.445,55.614
716,Zimbabwe,2,Medium,2043,2043.5,10610.842,11224.437,21835.279,56.444
716,Zimbabwe,2,Medium,2044,2044.5,10770.756,11381.468,22152.224,57.263
716,Zimbabwe,2,Medium,2045,2045.5,10928.288,11536.425,22464.713,58.071
716,Zimbabwe,2,Medium,2046,2046.5,11083.267,11689.117,22772.384,58.866
716,Zimbabwe,2,Medium,2047,2047.5,11235.55,11839.373,23074.923,59.648
716,Zimbabwe,2,Medium,2048,2048.5,11384.902,11987.005,23371.907,60.416
716,Zimbabwe,2,Medium,2049,2049.5,11531.162,12131.833,23662.995,61.168
716,Zimbabwe,2,Medium,2050,2050.5,11674.193,12273.728,23947.921,61.905
716,Zimbabwe,2,Medium,2051,2051.5,11813.878,12412.592,24226.47,62.625
716,Zimbabwe,2,Medium,2052,2052.5,11950.23,12548.409,24498.639,63.329
716,Zimbabwe,2,Medium,2053,2053.5,12083.404,12681.291,24764.695,64.016
716,Zimbabwe,2,Medium,2054,2054.5,12213.6,12811.38,25024.98,64.689
716,Zimbabwe,2,Medium,2055,2055.5,12341.023,12938.835,25279.858,65.348
716,Zimbabwe,2,Medium,2056,2056.5,12465.681,13063.666,25529.347,65.993
716,Zimbabwe,2,Medium,2057,2057.5,12587.598,13185.889,25773.487,66.624
716,Zimbabwe,2,Medium,2058,2058.5,12706.918,13305.677,26012.595,67.242
716,Zimbabwe,2,Medium,2059,2059.5,12823.875,13423.241,26247.116,67.848
716,Zimbabwe,2,Medium,2060,2060.5,12938.595,13538.755,26477.35,68.443
716,Zimbabwe,2,Medium,2061,2061.5,13051.128,13652.268,26703.396,69.028
716,Zimbabwe,2,Medium,2062,2062.5,13161.44,13763.758,26925.198,69.601
716,Zimbabwe,2,Medium,2063,2063.5,13269.481,13873.219,27142.7,70.163
716,Zimbabwe,2,Medium,2064,2064.5,13375.164,13980.588,27355.752,70.714
716,Zimbabwe,2,Medium,2065,2065.5,13478.401,14085.836,27564.237,71.253
716,Zimbabwe,2,Medium,2066,2066.5,13579.148,14188.926,27768.074,71.78
716,Zimbabwe,2,Medium,2067,2067.5,13677.338,14289.834,27967.172,72.295
716,Zimbabwe,2,Medium,2068,2068.5,13772.797,14388.485,28161.282,72.796
716,Zimbabwe,2,Medium,2069,2069.5,13865.32,14484.766,28350.086,73.284
716,Zimbabwe,2,Medium,2070,2070.5,13954.736,14578.587,28533.323,73.758
716,Zimbabwe,2,Medium,2071,2071.5,14040.945,14669.89,28710.835,74.217
716,Zimbabwe,2,Medium,2072,2072.5,14123.857,14758.597,28882.454,74.661
716,Zimbabwe,2,Medium,2073,2073.5,14203.307,14844.579,29047.886,75.088
716,Zimbabwe,2,Medium,2074,2074.5,14279.121,14927.711,29206.832,75.499
716,Zimbabwe,2,Medium,2075,2075.5,14351.154,15007.862,29359.016,75.893
716,Zimbabwe,2,Medium,2076,2076.5,14419.348,15084.959,29504.307,76.268
716,Zimbabwe,2,Medium,2077,2077.5,14483.644,15158.953,29642.597,76.626
716,Zimbabwe,2,Medium,2078,2078.5,14543.963,15229.726,29773.689,76.964
716,Zimbabwe,2,Medium,2079,2079.5,14600.196,15297.194,29897.39,77.284
716,Zimbabwe,2,Medium,2080,2080.5,14652.29,15361.256,30013.546,77.584
716,Zimbabwe,2,Medium,2081,2081.5,14700.241,15421.889,30122.13,77.865
716,Zimbabwe,2,Medium,2082,2082.5,14744.109,15479.081,30223.19,78.126
716,Zimbabwe,2,Medium,2083,2083.5,14783.991,15532.776,30316.767,78.368
716,Zimbabwe,2,Medium,2084,2084.5,14820.006,15582.946,30402.952,78.591
716,Zimbabwe,2,Medium,2085,2085.5,14852.313,15629.568,30481.881,78.795
716,Zimbabwe,2,Medium,2086,2086.5,14880.981,15672.649,30553.63,78.981
716,Zimbabwe,2,Medium,2087,2087.5,14906.141,15712.242,30618.383,79.148
716,Zimbabwe,2,Medium,2088,2088.5,14928.003,15748.477,30676.48,79.298
716,Zimbabwe,2,Medium,2089,2089.5,14946.835,15781.528,30728.363,79.432
716,Zimbabwe,2,Medium,2090,2090.5,14962.875,15811.528,30774.403,79.551
716,Zimbabwe,2,Medium,2091,2091.5,14976.309,15838.59,30814.899,79.656
716,Zimbabwe,2,Medium,2092,2092.5,14987.251,15862.794,30850.045,79.747
716,Zimbabwe,2,Medium,2093,2093.5,14995.826,15884.184,30880.01,79.824
716,Zimbabwe,2,Medium,2094,2094.5,15002.13,15902.845,30904.975,79.889
716,Zimbabwe,2,Medium,2095,2095.5,15006.298,15918.847,30925.145,79.941
716,Zimbabwe,2,Medium,2096,2096.5,15008.463,15932.316,30940.779,79.981
716,Zimbabwe,2,Medium,2097,2097.5,15008.822,15943.386,30952.208,80.011
716,Zimbabwe,2,Medium,2098,2098.5,15007.57,15952.241,30959.811,80.031
716,Zimbabwe,2,Medium,2099,2099.5,15004.963,15959.089,30964.052,80.041
716,Zimbabwe,2,Medium,2100,2100.5,15001.252,15964.169,30965.421,80.045
716,Zimbabwe,3,High,2020,2020.5,7092.01,7770.917,14862.927,38.42
716,Zimbabwe,3,High,2021,2021.5,7209.463,7897.507,15106.97,39.051
716,Zimbabwe,3,High,2022,2022.5,7338.51,8032.55,15371.06,39.734
716,Zimbabwe,3,High,2023,2023.5,7477.989,8175.285,15653.274,40.463
716,Zimbabwe,3,High,2024,2024.5,7626.882,8325.038,15951.92,41.235
716,Zimbabwe,3,High,2025,2025.5,7784.304,8481.292,16265.596,42.046
716,Zimbabwe,3,High,2026,2026.5,7949.492,8643.653,16593.145,42.893
716,Zimbabwe,3,High,2027,2027.5,8121.841,8811.838,16933.679,43.773
716,Zimbabwe,3,High,2028,2028.5,8300.842,8985.703,17286.545,44.685
716,Zimbabwe,3,High,2029,2029.5,8486.068,9165.141,17651.209,45.628
716,Zimbabwe,3,High,2030,2030.5,8677.106,9350.014,18027.12,46.6
716,Zimbabwe,3,High,2031,2031.5,8873.432,9540.038,18413.47,47.598
716,Zimbabwe,3,High,2032,2032.5,9074.337,9734.684,18809.021,48.621
716,Zimbabwe,3,High,2033,2033.5,9278.915,9933.096,19212.011,49.663
716,Zimbabwe,3,High,2034,2034.5,9486.118,10134.284,19620.402,50.718
716,Zimbabwe,3,High,2035,2035.5,9695.099,10337.407,20032.506,51.784
716,Zimbabwe,3,High,2036,2036.5,9905.28,10541.973,20447.253,52.856
716,Zimbabwe,3,High,2037,2037.5,10116.346,10747.776,20864.122,53.933
716,Zimbabwe,3,High,2038,2038.5,10328.089,10954.593,21282.682,55.015
716,Zimbabwe,3,High,2039,2039.5,10540.447,11162.3,21702.747,56.101
716,Zimbabwe,3,High,2040,2040.5,10753.301,11370.766,22124.067,57.19
716,Zimbabwe,3,High,2041,2041.5,10966.422,11579.741,22546.163,58.281
716,Zimbabwe,3,High,2042,2042.5,11179.486,11788.953,22968.439,59.373
716,Zimbabwe,3,High,2043,2043.5,11392.268,11998.191,23390.459,60.464
716,Zimbabwe,3,High,2044,2044.5,11604.598,12207.246,23811.844,61.553
716,Zimbabwe,3,High,2045,2045.5,11816.296,12415.95,24232.246,62.64
716,Zimbabwe,3,High,2046,2046.5,12027.264,12624.207,24651.471,63.724
716,Zimbabwe,3,High,2047,2047.5,12237.427,12831.924,25069.351,64.804
716,Zimbabwe,3,High,2048,2048.5,12446.688,13039.021,25485.709,65.88
716,Zimbabwe,3,High,2049,2049.5,12655.007,13245.47,25900.477,66.952
716,Zimbabwe,3,High,2050,2050.5,12862.362,13451.262,26313.624,68.02
716,Zimbabwe,3,High,2051,2051.5,13068.693,13656.339,26725.032,69.084
716,Zimbabwe,3,High,2052,2052.5,13274.058,13860.74,27134.798,70.143
716,Zimbabwe,3,High,2053,2053.5,13478.664,14064.635,27543.299,71.199
716,Zimbabwe,3,High,2054,2054.5,13682.827,14268.261,27951.088,72.253
716,Zimbabwe,3,High,2055,2055.5,13886.776,14471.808,28358.584,73.306
716,Zimbabwe,3,High,2056,2056.5,14090.546,14675.3,28765.846,74.359
716,Zimbabwe,3,High,2057,2057.5,14294.131,14878.764,29172.895,75.411
716,Zimbabwe,3,High,2058,2058.5,14497.636,15082.306,29579.942,76.464
716,Zimbabwe,3,High,2059,2059.5,14701.207,15286.079,29987.286,77.517
716,Zimbabwe,3,High,2060,2060.5,14904.902,15490.167,30395.069,78.571
716,Zimbabwe,3,High,2061,2061.5,15108.724,15694.604,30803.328,79.626
716,Zimbabwe,3,High,2062,2062.5,15312.586,15899.324,31211.91,80.682
716,Zimbabwe,3,High,2063,2063.5,15516.332,16104.195,31620.527,81.738
716,Zimbabwe,3,High,2064,2064.5,15719.751,16309.04,32028.791,82.794
716,Zimbabwe,3,High,2065,2065.5,15922.615,16513.686,32436.301,83.847
716,Zimbabwe,3,High,2066,2066.5,16124.837,16718.055,32842.892,84.898
716,Zimbabwe,3,High,2067,2067.5,16326.292,16922.083,33248.375,85.946
716,Zimbabwe,3,High,2068,2068.5,16526.733,17125.61,33652.343,86.991
716,Zimbabwe,3,High,2069,2069.5,16725.862,17328.465,34054.327,88.03
716,Zimbabwe,3,High,2070,2070.5,16923.455,17530.476,34453.931,89.063
716,Zimbabwe,3,High,2071,2071.5,17119.338,17731.556,34850.894,90.089
716,Zimbabwe,3,High,2072,2072.5,17313.418,17931.619,35245.037,91.108
716,Zimbabwe,3,High,2073,2073.5,17505.558,18130.557,35636.115,92.119
716,Zimbabwe,3,High,2074,2074.5,17695.594,18328.261,36023.855,93.121
716,Zimbabwe,3,High,2075,2075.5,17883.406,18524.651,36408.057,94.114
716,Zimbabwe,3,High,2076,2076.5,18068.938,18719.648,36788.586,95.098
716,Zimbabwe,3,High,2077,2077.5,18252.114,18913.202,37165.316,96.072
716,Zimbabwe,3,High,2078,2078.5,18432.888,19105.239,37538.127,97.035
716,Zimbabwe,3,High,2079,2079.5,18611.222,19295.743,37906.965,97.989
716,Zimbabwe,3,High,2080,2080.5,18787.075,19484.65,38271.725,98.932
716,Zimbabwe,3,High,2081,2081.5,18960.47,19671.955,38632.425,99.864
716,Zimbabwe,3,High,2082,2082.5,19131.449,19857.637,38989.086,100.786
716,Zimbabwe,3,High,2083,2083.5,19300.125,20041.687,39341.812,101.698
716,Zimbabwe,3,High,2084,2084.5,19466.653,20224.081,39690.734,102.6
716,Zimbabwe,3,High,2085,2085.5,19631.172,20404.835,40036.007,103.492
716,Zimbabwe,3,High,2086,2086.5,19793.764,20583.934,40377.698,104.376
716,Zimbabwe,3,High,2087,2087.5,19954.506,20761.438,40715.944,105.25
716,Zimbabwe,3,High,2088,2088.5,20113.607,20937.441,41051.048,106.116
716,Zimbabwe,3,High,2089,2089.5,20271.313,21112.108,41383.421,106.975
716,Zimbabwe,3,High,2090,2090.5,20427.82,21285.56,41713.38,107.828
716,Zimbabwe,3,High,2091,2091.5,20583.247,21457.861,42041.108,108.675
716,Zimbabwe,3,High,2092,2092.5,20737.678,21629.026,42366.704,109.517
716,Zimbabwe,3,High,2093,2093.5,20891.132,21799.035,42690.167,110.353
716,Zimbabwe,3,High,2094,2094.5,21043.643,21967.885,43011.528,111.184
716,Zimbabwe,3,High,2095,2095.5,21195.227,22135.558,43330.785,112.009
716,Zimbabwe,3,High,2096,2096.5,21345.938,22302.074,43648.012,112.829
716,Zimbabwe,3,High,2097,2097.5,21495.855,22467.477,43963.332,113.644
716,Zimbabwe,3,High,2098,2098.5,21645.078,22631.834,44276.912,114.455
716,Zimbabwe,3,High,2099,2099.5,21793.725,22795.258,44588.983,115.262
716,Zimbabwe,3,High,2100,2100.5,21941.944,22957.852,44899.796,116.065
716,Zimbabwe,4,Low,2020,2020.5,7092.01,7770.917,14862.927,38.42
716,Zimbabwe,4,Low,2021,2021.5,7190.085,7878.442,15068.527,38.952
716,Zimbabwe,4,Low,2022,2022.5,7292.966,7987.719,15280.685,39.5
716,Zimbabwe,4,Low,2023,2023.5,7400.49,8098.917,15499.407,40.066
716,Zimbabwe,4,Low,2024,2024.5,7512.355,8212.103,15724.458,40.647
716,Zimbabwe,4,Low,2025,2025.5,7628.141,8327.219,15955.36,41.244
716,Zimbabwe,4,Low,2026,2026.5,7747.325,8444.086,16191.411,41.854
716,Zimbabwe,4,Low,2027,2027.5,7869.241,8562.406,16431.647,42.475
716,Zimbabwe,4,Low,2028,2028.5,7993.159,8681.783,16674.942,43.104
716,Zimbabwe,4,Low,2029,2029.5,8118.284,8801.755,16920.039,43.738
716,Zimbabwe,4,Low,2030,2030.5,8243.888,8921.881,17165.769,44.373
716,Zimbabwe,4,Low,2031,2031.5,8369.421,9041.849,17411.27,45.008
716,Zimbabwe,4,Low,2032,2032.5,8494.646,9161.587,17656.233,45.641
716,Zimbabwe,4,Low,2033,2033.5,8619.672,9281.255,17900.927,46.274
716,Zimbabwe,4,Low,2034,2034.5,8744.797,9401.169,18145.966,46.907
716,Zimbabwe,4,Low,2035,2035.5,8870.174,9521.497,18391.671,47.542
716,Zimbabwe,4,Low,2036,2036.5,8995.607,9642.121,18637.728,48.178
716,Zimbabwe,4,Low,2037,2037.5,9120.613,9762.657,18883.27,48.813
716,Zimbabwe,4,Low,2038,2038.5,9244.715,9882.612,19127.327,49.444
716,Zimbabwe,4,Low,2039,2039.5,9367.309,10001.335,19368.644,50.068
716,Zimbabwe,4,Low,2040,2040.5,9487.87,10118.28,19606.15,50.682
716,Zimbabwe,4,Low,2041,2041.5,9606.11,10233.155,19839.265,51.284
716,Zimbabwe,4,Low,2042,2042.5,9721.784,10345.76,20067.544,51.874
716,Zimbabwe,4,Low,2043,2043.5,9834.536,10455.727,20290.263,52.45
716,Zimbabwe,4,Low,2044,2044.5,9943.996,10562.702,20506.698,53.009
716,Zimbabwe,4,Low,2045,2045.5,10049.843,10666.357,20716.2,53.551
716,Zimbabwe,4,Low,2046,2046.5,10151.871,10766.474,20918.345,54.074
716,Zimbabwe,4,Low,2047,2047.5,10249.877,10862.852,21112.729,54.576
716,Zimbabwe,4,Low,2048,2048.5,10343.611,10955.244,21298.855,55.057
716,Zimbabwe,4,Low,2049,2049.5,10432.827,11043.407,21476.234,55.516
716,Zimbabwe,4,Low,2050,2050.5,10517.348,11127.161,21644.509,55.951
716,Zimbabwe,4,Low,2051,2051.5,10597.035,11206.389,21803.424,56.361
716,Zimbabwe,4,Low,2052,2052.5,10671.895,11281.051,21952.946,56.748
716,Zimbabwe,4,Low,2053,2053.5,10742.014,11351.216,22093.23,57.111
716,Zimbabwe,4,Low,2054,2054.5,10807.581,11417.017,22224.598,57.45
716,Zimbabwe,4,Low,2055,2055.5,10868.767,11478.56,22347.327,57.767
716,Zimbabwe,4,Low,2056,2056.5,10925.586,11535.864,22461.45,58.062
716,Zimbabwe,4,Low,2057,2057.5,10978.075,11588.98,22567.055,58.335
716,Zimbabwe,4,Low,2058,2058.5,11026.433,11638.106,22664.539,58.587
716,Zimbabwe,4,Low,2059,2059.5,11070.952,11683.503,22754.455,58.82
716,Zimbabwe,4,Low,2060,2060.5,11111.799,11725.38,22837.179,59.034
716,Zimbabwe,4,Low,2061,2061.5,11149.088,11763.845,22912.933,59.23
716,Zimbabwe,4,Low,2062,2062.5,11182.807,11798.924,22981.731,59.407
716,Zimbabwe,4,Low,2063,2063.5,11213.026,11830.694,23043.72,59.568
716,Zimbabwe,4,Low,2064,2064.5,11239.771,11859.23,23099.001,59.71
716,Zimbabwe,4,Low,2065,2065.5,11263.051,11884.586,23147.637,59.836
716,Zimbabwe,4,Low,2066,2066.5,11282.898,11906.786,23189.684,59.945
716,Zimbabwe,4,Low,2067,2067.5,11299.294,11925.872,23225.166,60.037
716,Zimbabwe,4,Low,2068,2068.5,11312.171,11941.856,23254.027,60.111
716,Zimbabwe,4,Low,2069,2069.5,11321.43,11954.716,23276.146,60.168
716,Zimbabwe,4,Low,2070,2070.5,11326.988,11964.456,23291.444,60.208
716,Zimbabwe,4,Low,2071,2071.5,11328.793,11971.054,23299.847,60.23
716,Zimbabwe,4,Low,2072,2072.5,11326.826,11974.492,23301.318,60.233
716,Zimbabwe,4,Low,2073,2073.5,11320.96,11974.689,23295.649,60.219
716,Zimbabwe,4,Low,2074,2074.5,11311.055,11971.524,23282.579,60.185
716,Zimbabwe,4,Low,2075,2075.5,11297.018,11964.912,23261.93,60.132
716,Zimbabwe,4,Low,2076,2076.5,11278.813,11954.818,23233.631,60.059
716,Zimbabwe,4,Low,2077,2077.5,11256.431,11941.207,23197.638,59.965
716,Zimbabwe,4,Low,2078,2078.5,11229.794,11923.993,23153.787,59.852
716,Zimbabwe,4,Low,2079,2079.5,11198.846,11903.089,23101.935,59.718
716,Zimbabwe,4,Low,2080,2080.5,11163.528,11878.416,23041.944,59.563
716,Zimbabwe,4,Low,2081,2081.5,11123.877,11849.959,22973.836,59.387
716,Zimbabwe,4,Low,2082,2082.5,11079.979,11817.735,22897.714,59.19
716,Zimbabwe,4,Low,2083,2083.5,11031.946,11781.702,22813.648,58.973
716,Zimbabwe,4,Low,2084,2084.5,10979.918,11741.806,22721.724,58.735
716,Zimbabwe,4,Low,2085,2085.5,10924.051,11698.055,22622.106,58.478
716,Zimbabwe,4,Low,2086,2086.5,10864.467,11650.479,22514.946,58.201
716,Zimbabwe,4,Low,2087,2087.5,10801.325,11599.164,22400.489,57.905
716,Zimbabwe,4,Low,2088,2088.5,10734.872,11544.242,22279.114,57.591
716,Zimbabwe,4,Low,2089,2089.5,10665.366,11485.89,22151.256,57.261
716,Zimbabwe,4,Low,2090,2090.5,10593.087,11424.27,22017.357,56.914
716,Zimbabwe,4,Low,2091,2091.5,10518.261,11359.526,21877.787,56.554
716,Zimbabwe,4,Low,2092,2092.5,10441.081,11291.79,21732.871,56.179
716,Zimbabwe,4,Low,2093,2093.5,10361.713,11221.199,21582.912,55.791
716,Zimbabwe,4,Low,2094,2094.5,10280.349,11147.876,21428.225,55.392
716,Zimbabwe,4,Low,2095,2095.5,10197.19,11071.997,21269.187,54.98
716,Zimbabwe,4,Low,2096,2096.5,10112.467,10993.743,21106.21,54.559
716,Zimbabwe,4,Low,2097,2097.5,10026.441,10913.342,20939.783,54.129
716,Zimbabwe,4,Low,2098,2098.5,9939.382,10831.053,20770.435,53.691
716,Zimbabwe,4,Low,2099,2099.5,9851.626,10747.151,20598.777,53.247
716,Zimbabwe,4,Low,2100,2100.5,9763.513,10661.959,20425.472,52.799
716,Zimbabwe,5,Constant fertility,2020,2020.5,7092.01,7770.917,14862.927,38.42
716,Zimbabwe,5,Constant fertility,2021,2021.5,7210.814,7899.541,15110.355,39.06
716,Zimbabwe,5,Constant fertility,2022,2022.5,7341.647,8036.931,15378.578,39.753
716,Zimbabwe,5,Constant fertility,2023,2023.5,7483.848,8182.825,15666.673,40.498
716,Zimbabwe,5,Constant fertility,2024,2024.5,7636.766,8336.915,15973.681,41.292
716,Zimbabwe,5,Constant fertility,2025,2025.5,7799.776,8498.968,16298.744,42.132
716,Zimbabwe,5,Constant fertility,2026,2026.5,7972.268,8668.755,16641.023,43.017
716,Zimbabwe,5,Constant fertility,2027,2027.5,8153.688,8846.068,16999.756,43.944
716,Zimbabwe,5,Constant fertility,2028,2028.5,8343.468,9030.712,17374.18,44.912
716,Zimbabwe,5,Constant fertility,2029,2029.5,8541.096,9222.501,17763.597,45.919
716,Zimbabwe,5,Constant fertility,2030,2030.5,8746.065,9421.273,18167.338,46.962
716,Zimbabwe,5,Constant fertility,2031,2031.5,8957.926,9626.807,18584.733,48.041
716,Zimbabwe,5,Constant fertility,2032,2032.5,9176.255,9838.828,19015.083,49.154
716,Zimbabwe,5,Constant fertility,2033,2033.5,9400.675,10057.051,19457.726,50.298
716,Zimbabwe,5,Constant fertility,2034,2034.5,9630.842,10281.128,19911.97,51.472
716,Zimbabwe,5,Constant fertility,2035,2035.5,9866.435,10510.755,20377.19,52.675
716,Zimbabwe,5,Constant fertility,2036,2036.5,10107.14,10745.712,20852.852,53.904
716,Zimbabwe,5,Constant fertility,2037,2037.5,10352.652,10985.798,21338.45,55.159
716,Zimbabwe,5,Constant fertility,2038,2038.5,10602.747,11230.772,21833.519,56.439
716,Zimbabwe,5,Constant fertility,2039,2039.5,10857.229,11480.381,22337.61,57.742
716,Zimbabwe,5,Constant fertility,2040,2040.5,11115.88,11734.391,22850.271,59.068
716,Zimbabwe,5,Constant fertility,2041,2041.5,11378.604,11992.698,23371.302,60.414
716,Zimbabwe,5,Constant fertility,2042,2042.5,11645.209,12255.153,23900.362,61.782
716,Zimbabwe,5,Constant fertility,2043,2043.5,11915.486,12521.568,24437.054,63.169
716,Zimbabwe,5,Constant fertility,2044,2044.5,12189.231,12791.702,24980.933,64.575
716,Zimbabwe,5,Constant fertility,2045,2045.5,12466.27,13065.414,25531.684,65.999
716,Zimbabwe,5,Constant fertility,2046,2046.5,12746.613,13342.706,26089.319,67.44
716,Zimbabwe,5,Constant fertility,2047,2047.5,13030.347,13623.643,26653.99,68.9
716,Zimbabwe,5,Constant fertility,2048,2048.5,13317.541,13908.315,27225.856,70.378
716,Zimbabwe,5,Constant fertility,2049,2049.5,13608.352,14196.855,27805.207,71.876
716,Zimbabwe,5,Constant fertility,2050,2050.5,13902.964,14489.443,28392.407,73.394
716,Zimbabwe,5,Constant fertility,2051,2051.5,14201.495,14786.201,28987.696,74.933
716,Zimbabwe,5,Constant fertility,2052,2052.5,14504.193,15087.372,29591.565,76.494
716,Zimbabwe,5,Constant fertility,2053,2053.5,14811.577,15393.418,30204.995,78.079
716,Zimbabwe,5,Constant fertility,2054,2054.5,15124.254,15704.926,30829.18,79.693
716,Zimbabwe,5,Constant fertility,2055,2055.5,15442.763,16022.377,31465.14,81.337
716,Zimbabwe,5,Constant fertility,2056,2056.5,15767.382,16346.056,32113.438,83.013
716,Zimbabwe,5,Constant fertility,2057,2057.5,16098.303,16676.164,32774.467,84.721
716,Zimbabwe,5,Constant fertility,2058,2058.5,16435.899,17013.099,33448.998,86.465
716,Zimbabwe,5,Constant fertility,2059,2059.5,16780.562,17357.254,34137.816,88.246
716,Zimbabwe,5,Constant fertility,2060,2060.5,17132.613,17708.956,34841.569,90.065
716,Zimbabwe,5,Constant fertility,2061,2061.5,17492.245,18068.45,35560.695,91.924
716,Zimbabwe,5,Constant fertility,2062,2062.5,17859.582,18435.882,36295.464,93.823
716,Zimbabwe,5,Constant fertility,2063,2063.5,18234.696,18811.337,37046.033,95.763
716,Zimbabwe,5,Constant fertility,2064,2064.5,18617.617,19194.874,37812.491,97.745
716,Zimbabwe,5,Constant fertility,2065,2065.5,19008.334,19586.52,38594.854,99.767
716,Zimbabwe,5,Constant fertility,2066,2066.5,19406.943,19986.407,39393.35,101.831
716,Zimbabwe,5,Constant fertility,2067,2067.5,19813.454,20394.585,40208.039,103.937
716,Zimbabwe,5,Constant fertility,2068,2068.5,20227.691,20810.991,41038.682,106.084
716,Zimbabwe,5,Constant fertility,2069,2069.5,20649.4,21235.493,41884.893,108.272
716,Zimbabwe,5,Constant fertility,2070,2070.5,21078.41,21667.98,42746.39,110.499
716,Zimbabwe,5,Constant fertility,2071,2071.5,21514.703,22108.523,43623.226,112.765
716,Zimbabwe,5,Constant fertility,2072,2072.5,21958.318,22557.185,44515.503,115.072
716,Zimbabwe,5,Constant fertility,2073,2073.5,22409.176,23013.909,45423.085,117.418
716,Zimbabwe,5,Constant fertility,2074,2074.5,22867.154,23478.633,46345.787,119.803
716,Zimbabwe,5,Constant fertility,2075,2075.5,23332.199,23951.354,47283.553,122.227
716,Zimbabwe,5,Constant fertility,2076,2076.5,23804.405,24432.153,48236.558,124.691
716,Zimbabwe,5,Constant fertility,2077,2077.5,24283.896,24921.173,49205.069,127.194
716,Zimbabwe,5,Constant fertility,2078,2078.5,24770.842,25418.572,50189.414,129.739
716,Zimbabwe,5,Constant fertility,2079,2079.5,25265.417,25924.535,51189.952,132.325
716,Zimbabwe,5,Constant fertility,2080,2080.5,25767.839,26439.266,52207.105,134.954
716,Zimbabwe,5,Constant fertility,2081,2081.5,26278.333,26962.971,53241.304,137.628
716,Zimbabwe,5,Constant fertility,2082,2082.5,26797.194,27495.895,54293.089,140.347
716,Zimbabwe,5,Constant fertility,2083,2083.5,27324.863,28038.337,55363.2,143.113
716,Zimbabwe,5,Constant fertility,2084,2084.5,27861.837,28590.668,56452.505,145.929
716,Zimbabwe,5,Constant fertility,2085,2085.5,28408.629,29153.223,57561.852,148.796
716,Zimbabwe,5,Constant fertility,2086,2086.5,28965.555,29726.295,58691.85,151.717
716,Zimbabwe,5,Constant fertility,2087,2087.5,29532.969,30310.175,59843.144,154.693
716,Zimbabwe,5,Constant fertility,2088,2088.5,30111.387,30905.295,61016.682,157.727
716,Zimbabwe,5,Constant fertility,2089,2089.5,30701.352,31512.135,62213.487,160.821
716,Zimbabwe,5,Constant fertility,2090,2090.5,31303.348,32131.118,63434.466,163.977
716,Zimbabwe,5,Constant fertility,2091,2091.5,31917.796,32762.592,64680.388,167.198
716,Zimbabwe,5,Constant fertility,2092,2092.5,32545.012,33406.842,65951.854,170.484
716,Zimbabwe,5,Constant fertility,2093,2093.5,33185.265,34064.099,67249.364,173.838
716,Zimbabwe,5,Constant fertility,2094,2094.5,33838.821,34734.597,68573.418,177.261
716,Zimbabwe,5,Constant fertility,2095,2095.5,34505.929,35418.567,69924.496,180.754
716,Zimbabwe,5,Constant fertility,2096,2096.5,35186.894,36116.261,71303.155,184.317
716,Zimbabwe,5,Constant fertility,2097,2097.5,35882.022,36828.001,72710.023,187.954
716,Zimbabwe,5,Constant fertility,2098,2098.5,36591.642,37554.078,74145.72,191.665
716,Zimbabwe,5,Constant fertility,2099,2099.5,37316.132,38294.875,75611.007,195.453
716,Zimbabwe,5,Constant fertility,2100,2100.5,38055.876,39050.736,77106.612,199.319
716,Zimbabwe,6,Instant replacement,2020,2020.5,7092.01,7770.917,14862.927,38.42
716,Zimbabwe,6,Instant replacement,2021,2021.5,7158.762,7841.124,14999.886,38.774
716,Zimbabwe,6,Instant replacement,2022,2022.5,7210.334,7898.426,15108.76,39.056
716,Zimbabwe,6,Instant replacement,2023,2023.5,7254.362,7949.053,15203.415,39.301
716,Zimbabwe,6,Instant replacement,2024,2024.5,7301.651,8001.7,15303.351,39.559
716,Zimbabwe,6,Instant replacement,2025,2025.5,7360.109,8062.771,15422.88,39.868
716,Zimbabwe,6,Instant replacement,2026,2026.5,7432.31,8134.472,15566.782,40.24
716,Zimbabwe,6,Instant replacement,2027,2027.5,7516.314,8215.446,15731.76,40.666
716,Zimbabwe,6,Instant replacement,2028,2028.5,7609.961,8304.227,15914.188,41.138
716,Zimbabwe,6,Instant replacement,2029,2029.5,7709.353,8397.973,16107.326,41.637
716,Zimbabwe,6,Instant replacement,2030,2030.5,7811.552,8494.53,16306.082,42.151
716,Zimbabwe,6,Instant replacement,2031,2031.5,7916.213,8593.736,16509.949,42.678
716,Zimbabwe,6,Instant replacement,2032,2032.5,8024.228,8696.323,16720.551,43.222
716,Zimbabwe,6,Instant replacement,2033,2033.5,8135.211,8801.977,16937.188,43.782
716,Zimbabwe,6,Instant replacement,2034,2034.5,8248.835,8910.375,17159.21,44.356
716,Zimbabwe,6,Instant replacement,2035,2035.5,8364.738,9021.193,17385.931,44.942
716,Zimbabwe,6,Instant replacement,2036,2036.5,8482.442,9134.032,17616.474,45.538
716,Zimbabwe,6,Instant replacement,2037,2037.5,8601.371,9248.405,17849.776,46.141
716,Zimbabwe,6,Instant replacement,2038,2038.5,8720.893,9363.668,18084.561,46.748
716,Zimbabwe,6,Instant replacement,2039,2039.5,8840.331,9479.114,18319.445,47.355
716,Zimbabwe,6,Instant replacement,2040,2040.5,8959.072,9594.086,18553.158,47.96
716,Zimbabwe,6,Instant replacement,2041,2041.5,9076.71,9708.163,18784.873,48.559
716,Zimbabwe,6,Instant replacement,2042,2042.5,9192.804,9820.992,19013.796,49.15
716,Zimbabwe,6,Instant replacement,2043,2043.5,9306.8,9931.99,19238.79,49.732
716,Zimbabwe,6,Instant replacement,2044,2044.5,9418.11,10040.577,19458.687,50.3
716,Zimbabwe,6,Instant replacement,2045,2045.5,9526.225,10146.266,19672.491,50.853
716,Zimbabwe,6,Instant replacement,2046,2046.5,9630.883,10248.793,19879.676,51.389
716,Zimbabwe,6,Instant replacement,2047,2047.5,9731.904,10347.95,20079.854,51.906
716,Zimbabwe,6,Instant replacement,2048,2048.5,9829.047,10443.532,20272.579,52.404
716,Zimbabwe,6,Instant replacement,2049,2049.5,9922.136,10535.342,20457.478,52.882
716,Zimbabwe,6,Instant replacement,2050,2050.5,10011.057,10623.286,20634.343,53.339
716,Zimbabwe,6,Instant replacement,2051,2051.5,10095.752,10707.305,20803.057,53.776
716,Zimbabwe,6,Instant replacement,2052,2052.5,10176.325,10787.478,20963.803,54.191
716,Zimbabwe,6,Instant replacement,2053,2053.5,10253.119,10864.094,21117.213,54.588
716,Zimbabwe,6,Instant replacement,2054,2054.5,10326.604,10937.564,21264.168,54.967
716,Zimbabwe,6,Instant replacement,2055,2055.5,10397.207,11008.27,21405.477,55.333
716,Zimbabwe,6,Instant replacement,2056,2056.5,10465.08,11076.332,21541.412,55.684
716,Zimbabwe,6,Instant replacement,2057,2057.5,10530.395,11141.951,21672.346,56.023
716,Zimbabwe,6,Instant replacement,2058,2058.5,10593.72,11205.673,21799.393,56.351
716,Zimbabwe,6,Instant replacement,2059,2059.5,10655.705,11268.135,21923.84,56.673
716,Zimbabwe,6,Instant replacement,2060,2060.5,10716.859,11329.849,22046.708,56.99
716,Zimbabwe,6,Instant replacement,2061,2061.5,10777.408,11391.049,22168.457,57.305
716,Zimbabwe,6,Instant replacement,2062,2062.5,10837.399,11451.805,22289.204,57.617
716,Zimbabwe,6,Instant replacement,2063,2063.5,10896.921,11512.225,22409.146,57.927
716,Zimbabwe,6,Instant replacement,2064,2064.5,10956.008,11572.374,22528.382,58.235
716,Zimbabwe,6,Instant replacement,2065,2065.5,11014.653,11632.304,22646.957,58.542
716,Zimbabwe,6,Instant replacement,2066,2066.5,11072.89,11692.038,22764.928,58.847
716,Zimbabwe,6,Instant replacement,2067,2067.5,11130.645,11751.564,22882.209,59.15
716,Zimbabwe,6,Instant replacement,2068,2068.5,11187.644,11810.651,22998.295,59.45
716,Zimbabwe,6,Instant replacement,2069,2069.5,11243.515,11869.043,23112.558,59.746
716,Zimbabwe,6,Instant replacement,2070,2070.5,11297.919,11926.462,23224.381,60.035
716,Zimbabwe,6,Instant replacement,2071,2071.5,11350.721,11982.811,23333.532,60.317
716,Zimbabwe,6,Instant replacement,2072,2072.5,11401.798,12037.964,23439.762,60.591
716,Zimbabwe,6,Instant replacement,2073,2073.5,11450.793,12091.608,23542.401,60.857
716,Zimbabwe,6,Instant replacement,2074,2074.5,11497.319,12143.365,23640.684,61.111
716,Zimbabwe,6,Instant replacement,2075,2075.5,11541.04,12192.927,23733.967,61.352
716,Zimbabwe,6,Instant replacement,2076,2076.5,11581.846,12240.153,23821.999,61.579
716,Zimbabwe,6,Instant replacement,2077,2077.5,11619.664,12284.971,23904.635,61.793
716,Zimbabwe,6,Instant replacement,2078,2078.5,11654.376,12327.236,23981.612,61.992
716,Zimbabwe,6,Instant replacement,2079,2079.5,11685.906,12366.816,24052.722,62.176
716,Zimbabwe,6,Instant replacement,2080,2080.5,11714.18,12403.641,24117.821,62.344
716,Zimbabwe,6,Instant replacement,2081,2081.5,11739.214,12437.668,24176.882,62.497
716,Zimbabwe,6,Instant replacement,2082,2082.5,11761.119,12468.918,24230.037,62.634
716,Zimbabwe,6,Instant replacement,2083,2083.5,11780.084,12497.464,24277.548,62.757
716,Zimbabwe,6,Instant replacement,2084,2084.5,11796.422,12523.381,24319.803,62.866
716,Zimbabwe,6,Instant replacement,2085,2085.5,11810.397,12546.787,24357.184,62.963
716,Zimbabwe,6,Instant replacement,2086,2086.5,11822.172,12567.775,24389.947,63.048
716,Zimbabwe,6,Instant replacement,2087,2087.5,11831.974,12586.472,24418.446,63.121
716,Zimbabwe,6,Instant replacement,2088,2088.5,11840.151,12603.156,24443.307,63.185
716,Zimbabwe,6,Instant replacement,2089,2089.5,11847.121,12618.139,24465.26,63.242
716,Zimbabwe,6,Instant replacement,2090,2090.5,11853.274,12631.721,24484.995,63.293
716,Zimbabwe,6,Instant replacement,2091,2091.5,11858.904,12644.127,24503.031,63.34
716,Zimbabwe,6,Instant replacement,2092,2092.5,11864.247,12655.561,24519.808,63.383
716,Zimbabwe,6,Instant replacement,2093,2093.5,11869.498,12666.166,24535.664,63.424
716,Zimbabwe,6,Instant replacement,2094,2094.5,11874.861,12676.135,24550.996,63.464
716,Zimbabwe,6,Instant replacement,2095,2095.5,11880.542,12685.652,24566.194,63.503
716,Zimbabwe,6,Instant replacement,2096,2096.5,11886.788,12694.963,24581.751,63.543
716,Zimbabwe,6,Instant replacement,2097,2097.5,11893.904,12704.349,24598.253,63.586
716,Zimbabwe,6,Instant replacement,2098,2098.5,11902.217,12714.139,24616.356,63.633
716,Zimbabwe,6,Instant replacement,2099,2099.5,11912.105,12724.713,24636.818,63.686
716,Zimbabwe,6,Instant replacement,2100,2100.5,11923.982,12736.477,24660.459,63.747
716,Zimbabwe,7,Zero migration,2020,2020.5,7092.01,7770.917,14862.927,38.42
716,Zimbabwe,7,Zero migration,2021,2021.5,7254.234,7922.403,15176.637,39.231
716,Zimbabwe,7,Zero migration,2022,2022.5,7417.077,8074.776,15491.853,40.046
716,Zimbabwe,7,Zero migration,2023,2023.5,7580.681,8228.191,15808.872,40.866
716,Zimbabwe,7,Zero migration,2024,2024.5,7745.223,8382.789,16128.012,41.691
716,Zimbabwe,7,Zero migration,2025,2025.5,7910.839,8538.712,16449.551,42.522
716,Zimbabwe,7,Zero migration,2026,2026.5,8077.663,8696.097,16773.76,43.36
716,Zimbabwe,7,Zero migration,2027,2027.5,8245.846,8855.085,17100.931,44.206
716,Zimbabwe,7,Zero migration,2028,2028.5,8415.498,9015.801,17431.299,45.06
716,Zimbabwe,7,Zero migration,2029,2029.5,8586.736,9178.338,17765.074,45.922
716,Zimbabwe,7,Zero migration,2030,2030.5,8759.609,9342.772,18102.381,46.794
716,Zimbabwe,7,Zero migration,2031,2031.5,8934.082,9509.054,18443.136,47.675
716,Zimbabwe,7,Zero migration,2032,2032.5,9110.044,9677.087,18787.131,48.564
716,Zimbabwe,7,Zero migration,2033,2033.5,9287.239,9846.609,19133.848,49.461
716,Zimbabwe,7,Zero migration,2034,2034.5,9465.32,10017.296,19482.616,50.362
716,Zimbabwe,7,Zero migration,2035,2035.5,9643.984,10188.827,19832.811,51.267
716,Zimbabwe,7,Zero migration,2036,2036.5,9823.047,10361.033,20184.08,52.175
716,Zimbabwe,7,Zero migration,2037,2037.5,10002.277,10533.695,20535.972,53.085
716,Zimbabwe,7,Zero migration,2038,2038.5,10181.258,10706.408,20887.666,53.994
716,Zimbabwe,7,Zero migration,2039,2039.5,10359.482,10878.697,21238.179,54.9
716,Zimbabwe,7,Zero migration,2040,2040.5,10536.53,11050.159,21586.689,55.801
716,Zimbabwe,7,Zero migration,2041,2041.5,10712.122,11220.529,21932.651,56.695
716,Zimbabwe,7,Zero migration,2042,2042.5,10886.063,11389.612,22275.675,57.582
716,Zimbabwe,7,Zero migration,2043,2043.5,11058.093,11557.142,22615.235,58.46
716,Zimbabwe,7,Zero migration,2044,2044.5,11227.956,11722.88,22950.836,59.327
716,Zimbabwe,7,Zero migration,2045,2045.5,11395.444,11886.603,23282.047,60.184
716,Zimbabwe,7,Zero migration,2046,2046.5,11560.389,12048.139,23608.528,61.028
716,Zimbabwe,7,Zero migration,2047,2047.5,11722.639,12207.349,23929.988,61.859
716,Zimbabwe,7,Zero migration,2048,2048.5,11882.037,12364.067,24246.104,62.676
716,Zimbabwe,7,Zero migration,2049,2049.5,12038.405,12518.161,24556.566,63.478
716,Zimbabwe,7,Zero migration,2050,2050.5,12191.652,12669.514,24861.166,64.266
716,Zimbabwe,7,Zero migration,2051,2051.5,12341.672,12818.042,25159.714,65.037
716,Zimbabwe,7,Zero migration,2052,2052.5,12488.464,12963.728,25452.192,65.793
716,Zimbabwe,7,Zero migration,2053,2053.5,12632.164,13106.656,25738.82,66.534
716,Zimbabwe,7,Zero migration,2054,2054.5,12772.955,13246.98,26019.935,67.261
716,Zimbabwe,7,Zero migration,2055,2055.5,12911.017,13384.811,26295.828,67.974
716,Zimbabwe,7,Zero migration,2056,2056.5,13046.352,13520.163,26566.515,68.674
716,Zimbabwe,7,Zero migration,2057,2057.5,13178.949,13653.028,26831.977,69.36
716,Zimbabwe,7,Zero migration,2058,2058.5,13308.924,13783.536,27092.46,70.034
716,Zimbabwe,7,Zero migration,2059,2059.5,13436.428,13911.843,27348.271,70.695
716,Zimbabwe,7,Zero migration,2060,2060.5,13561.569,14038.06,27599.629,71.345
716,Zimbabwe,7,Zero migration,2061,2061.5,13684.355,14162.238,27846.593,71.983
716,Zimbabwe,7,Zero migration,2062,2062.5,13804.731,14284.321,28089.052,72.61
716,Zimbabwe,7,Zero migration,2063,2063.5,13922.603,14404.26,28326.863,73.224
716,Zimbabwe,7,Zero migration,2064,2064.5,14037.864,14521.966,28559.83,73.827
716,Zimbabwe,7,Zero migration,2065,2065.5,14150.373,14637.345,28787.718,74.416
716,Zimbabwe,7,Zero migration,2066,2066.5,14260.081,14750.36,29010.441,74.991
716,Zimbabwe,7,Zero migration,2067,2067.5,14366.907,14860.975,29227.882,75.554
716,Zimbabwe,7,Zero migration,2068,2068.5,14470.682,14969.096,29439.778,76.101
716,Zimbabwe,7,Zero migration,2069,2069.5,14571.219,15074.637,29645.856,76.634
716,Zimbabwe,7,Zero migration,2070,2070.5,14668.347,15177.497,29845.844,77.151
716,Zimbabwe,7,Zero migration,2071,2071.5,14761.961,15277.606,30039.567,77.652
716,Zimbabwe,7,Zero migration,2072,2072.5,14851.993,15374.906,30226.899,78.136
716,Zimbabwe,7,Zero migration,2073,2073.5,14938.309,15469.278,30407.587,78.603
716,Zimbabwe,7,Zero migration,2074,2074.5,15020.78,15560.625,30581.405,79.052
716,Zimbabwe,7,Zero migration,2075,2075.5,15099.277,15648.841,30748.118,79.483
716,Zimbabwe,7,Zero migration,2076,2076.5,15173.785,15733.857,30907.642,79.896
716,Zimbabwe,7,Zero migration,2077,2077.5,15244.25,15815.637,31059.887,80.289
716,Zimbabwe,7,Zero migration,2078,2078.5,15310.629,15894.096,31204.725,80.664
716,Zimbabwe,7,Zero migration,2079,2079.5,15372.863,15969.17,31342.033,81.019
716,Zimbabwe,7,Zero migration,2080,2080.5,15430.946,16040.804,31471.75,81.354
716,Zimbabwe,7,Zero migration,2081,2081.5,15484.891,16108.973,31593.864,81.67
716,Zimbabwe,7,Zero migration,2082,2082.5,15534.776,16173.665,31708.441,81.966
716,Zimbabwe,7,Zero migration,2083,2083.5,15580.717,16234.868,31815.585,82.243
716,Zimbabwe,7,Zero migration,2084,2084.5,15622.884,16292.558,31915.442,82.501
716,Zimbabwe,7,Zero migration,2085,2085.5,15661.427,16346.742,32008.169,82.741
716,Zimbabwe,7,Zero migration,2086,2086.5,15696.475,16397.429,32093.904,82.962
716,Zimbabwe,7,Zero migration,2087,2087.5,15728.126,16444.683,32172.809,83.166
716,Zimbabwe,7,Zero migration,2088,2088.5,15756.611,16488.64,32245.251,83.353
716,Zimbabwe,7,Zero migration,2089,2089.5,15782.205,16529.474,32311.679,83.525
716,Zimbabwe,7,Zero migration,2090,2090.5,15805.123,16567.326,32372.449,83.682
716,Zimbabwe,7,Zero migration,2091,2091.5,15825.542,16602.316,32427.858,83.825
716,Zimbabwe,7,Zero migration,2092,2092.5,15843.596,16634.511,32478.107,83.955
716,Zimbabwe,7,Zero migration,2093,2093.5,15859.362,16663.96,32523.322,84.072
716,Zimbabwe,7,Zero migration,2094,2094.5,15872.938,16690.7,32563.638,84.176
716,Zimbabwe,7,Zero migration,2095,2095.5,15884.432,16714.814,32599.246,84.268
716,Zimbabwe,7,Zero migration,2096,2096.5,15893.95,16736.392,32630.342,84.349
716,Zimbabwe,7,Zero migration,2097,2097.5,15901.652,16755.579,32657.231,84.418
716,Zimbabwe,7,Zero migration,2098,2098.5,15907.713,16772.506,32680.219,84.478
716,Zimbabwe,7,Zero migration,2099,2099.5,15912.333,16787.372,32699.705,84.528
716,Zimbabwe,7,Zero migration,2100,2100.5,15915.737,16800.391,32716.128,84.571
716,Zimbabwe,8,Constant mortality,2020,2020.5,7092.01,7770.917,14862.927,38.42
716,Zimbabwe,8,Constant mortality,2021,2021.5,7197.266,7885.019,15082.285,38.987
716,Zimbabwe,8,Constant mortality,2022,2022.5,7309.828,8003.186,15313.014,39.584
716,Zimbabwe,8,Constant mortality,2023,2023.5,7429.003,8125.099,15554.102,40.207
716,Zimbabwe,8,Constant mortality,2024,2024.5,7554.119,8250.434,15804.553,40.854
716,Zimbabwe,8,Constant mortality,2025,2025.5,7684.502,8378.873,16063.375,41.524
716,Zimbabwe,8,Constant mortality,2026,2026.5,7819.491,8510.092,16329.583,42.212
716,Zimbabwe,8,Constant mortality,2027,2027.5,7958.41,8643.792,16602.202,42.916
716,Zimbabwe,8,Constant mortality,2028,2028.5,8100.631,8779.652,16880.283,43.635
716,Zimbabwe,8,Constant mortality,2029,2029.5,8245.505,8917.359,17162.864,44.366
716,Zimbabwe,8,Constant mortality,2030,2030.5,8392.432,9056.582,17449.014,45.105
716,Zimbabwe,8,Constant mortality,2031,2031.5,8540.869,9197.019,17737.888,45.852
716,Zimbabwe,8,Constant mortality,2032,2032.5,8690.293,9338.302,18028.595,46.604
716,Zimbabwe,8,Constant mortality,2033,2033.5,8840.29,9480.091,18320.381,47.358
716,Zimbabwe,8,Constant mortality,2034,2034.5,8990.458,9622.019,18612.477,48.113
716,Zimbabwe,8,Constant mortality,2035,2035.5,9140.422,9763.714,18904.136,48.867
716,Zimbabwe,8,Constant mortality,2036,2036.5,9289.757,9904.859,19194.616,49.618
716,Zimbabwe,8,Constant mortality,2037,2037.5,9438.055,10045.124,19483.179,50.364
716,Zimbabwe,8,Constant mortality,2038,2038.5,9584.919,10184.1,19769.019,51.103
716,Zimbabwe,8,Constant mortality,2039,2039.5,9729.98,10321.365,20051.345,51.832
716,Zimbabwe,8,Constant mortality,2040,2040.5,9872.905,10456.532,20329.437,52.551
716,Zimbabwe,8,Constant mortality,2041,2041.5,10013.353,10589.315,20602.668,53.258
716,Zimbabwe,8,Constant mortality,2042,2042.5,10151.058,10719.446,20870.504,53.95
716,Zimbabwe,8,Constant mortality,2043,2043.5,10285.685,10846.622,21132.307,54.627
716,Zimbabwe,8,Constant mortality,2044,2044.5,10416.925,10970.522,21387.447,55.286
716,Zimbabwe,8,Constant mortality,2045,2045.5,10544.498,11090.895,21635.393,55.927
716,Zimbabwe,8,Constant mortality,2046,2046.5,10668.212,11207.544,21875.756,56.548
716,Zimbabwe,8,Constant mortality,2047,2047.5,10787.928,11320.334,22108.262,57.149
716,Zimbabwe,8,Constant mortality,2048,2048.5,10903.48,11429.091,22332.571,57.729
716,Zimbabwe,8,Constant mortality,2049,2049.5,11014.712,11533.67,22548.382,58.287
716,Zimbabwe,8,Constant mortality,2050,2050.5,11121.527,11633.968,22755.495,58.823
716,Zimbabwe,8,Constant mortality,2051,2051.5,11223.847,11729.902,22953.749,59.335
716,Zimbabwe,8,Constant mortality,2052,2052.5,11321.675,11821.479,23143.154,59.825
716,Zimbabwe,8,Constant mortality,2053,2053.5,11415.171,11908.834,23324.005,60.292
716,Zimbabwe,8,Constant mortality,2054,2054.5,11504.589,11992.168,23496.757,60.739
716,Zimbabwe,8,Constant mortality,2055,2055.5,11590.134,12071.656,23661.79,61.165
716,Zimbabwe,8,Constant mortality,2056,2056.5,11671.834,12147.34,23819.174,61.572
716,Zimbabwe,8,Constant mortality,2057,2057.5,11749.724,12219.268,23968.992,61.959
716,Zimbabwe,8,Constant mortality,2058,2058.5,11823.975,12287.607,24111.582,62.328
716,Zimbabwe,8,Constant mortality,2059,2059.5,11894.794,12352.603,24247.397,62.679
716,Zimbabwe,8,Constant mortality,2060,2060.5,11962.338,12414.403,24376.741,63.013
716,Zimbabwe,8,Constant mortality,2061,2061.5,12026.667,12473.098,24499.765,63.331
716,Zimbabwe,8,Constant mortality,2062,2062.5,12087.77,12528.704,24616.474,63.633
716,Zimbabwe,8,Constant mortality,2063,2063.5,12145.602,12581.243,24726.845,63.918
716,Zimbabwe,8,Constant mortality,2064,2064.5,12200.09,12630.715,24830.805,64.187
716,Zimbabwe,8,Constant mortality,2065,2065.5,12251.152,12677.095,24928.247,64.439
716,Zimbabwe,8,Constant mortality,2066,2066.5,12298.785,12720.41,25019.195,64.674
716,Zimbabwe,8,Constant mortality,2067,2067.5,12342.928,12760.647,25103.575,64.892
716,Zimbabwe,8,Constant mortality,2068,2068.5,12383.461,12797.753,25181.214,65.093
716,Zimbabwe,8,Constant mortality,2069,2069.5,12420.207,12831.655,25251.862,65.276
716,Zimbabwe,8,Constant mortality,2070,2070.5,12453.028,12862.27,25315.298,65.44
716,Zimbabwe,8,Constant mortality,2071,2071.5,12481.876,12889.562,25371.438,65.585
716,Zimbabwe,8,Constant mortality,2072,2072.5,12506.7,12913.514,25420.214,65.711
716,Zimbabwe,8,Constant mortality,2073,2073.5,12527.397,12934.047,25461.444,65.817
716,Zimbabwe,8,Constant mortality,2074,2074.5,12543.862,12951.055,25494.917,65.904
716,Zimbabwe,8,Constant mortality,2075,2075.5,12556.005,12964.468,25520.473,65.97
716,Zimbabwe,8,Constant mortality,2076,2076.5,12563.805,12974.26,25538.065,66.015
716,Zimbabwe,8,Constant mortality,2077,2077.5,12567.292,12980.414,25547.706,66.04
716,Zimbabwe,8,Constant mortality,2078,2078.5,12566.477,12982.884,25549.361,66.045
716,Zimbabwe,8,Constant mortality,2079,2079.5,12561.38,12981.596,25542.976,66.028
716,Zimbabwe,8,Constant mortality,2080,2080.5,12552.062,12976.506,25528.568,65.991
716,Zimbabwe,8,Constant mortality,2081,2081.5,12538.577,12967.651,25506.228,65.933
716,Zimbabwe,8,Constant mortality,2082,2082.5,12521.046,12955.075,25476.121,65.855
716,Zimbabwe,8,Constant mortality,2083,2083.5,12499.62,12938.833,25438.453,65.758
716,Zimbabwe,8,Constant mortality,2084,2084.5,12474.515,12919.012,25393.527,65.642
716,Zimbabwe,8,Constant mortality,2085,2085.5,12445.927,12895.692,25341.619,65.508
716,Zimbabwe,8,Constant mortality,2086,2086.5,12414.005,12868.959,25282.964,65.356
716,Zimbabwe,8,Constant mortality,2087,2087.5,12378.887,12838.918,25217.805,65.188
716,Zimbabwe,8,Constant mortality,2088,2088.5,12340.831,12805.759,25146.59,65.003
716,Zimbabwe,8,Constant mortality,2089,2089.5,12300.135,12769.71,25069.845,64.805
716,Zimbabwe,8,Constant mortality,2090,2090.5,12257.061,12730.96,24988.021,64.594
716,Zimbabwe,8,Constant mortality,2091,2091.5,12211.799,12689.69,24901.489,64.37
716,Zimbabwe,8,Constant mortality,2092,2092.5,12164.502,12646.034,24810.536,64.135
716,Zimbabwe,8,Constant mortality,2093,2093.5,12115.277,12600.102,24715.379,63.889
716,Zimbabwe,8,Constant mortality,2094,2094.5,12064.22,12552.021,24616.241,63.633
716,Zimbabwe,8,Constant mortality,2095,2095.5,12011.464,12501.935,24513.399,63.367
716,Zimbabwe,8,Constant mortality,2096,2096.5,11957.136,12449.999,24407.135,63.092
716,Zimbabwe,8,Constant mortality,2097,2097.5,11901.389,12396.41,24297.799,62.809
716,Zimbabwe,8,Constant mortality,2098,2098.5,11844.417,12341.384,24185.801,62.52
716,Zimbabwe,8,Constant mortality,2099,2099.5,11786.414,12285.167,24071.581,62.225
716,Zimbabwe,8,Constant mortality,2100,2100.5,11727.625,12228.03,23955.655,61.925
716,Zimbabwe,9,No change,2020,2020.5,7092.01,7770.917,14862.927,38.42
716,Zimbabwe,9,No change,2021,2021.5,7208.239,7896.515,15104.754,39.046
716,Zimbabwe,9,No change,2022,2022.5,7335.603,8029.848,15365.451,39.719
716,Zimbabwe,9,No change,2023,2023.5,7473.368,8170.58,15643.948,40.439
716,Zimbabwe,9,No change,2024,2024.5,7620.868,8318.377,15939.245,41.203
716,Zimbabwe,9,No change,2025,2025.5,7777.425,8472.967,16250.392,42.007
716,Zimbabwe,9,No change,2026,2026.5,7942.406,8634.054,16576.46,42.85
716,Zimbabwe,9,No change,2027,2027.5,8115.18,8801.393,16916.573,43.729
716,Zimbabwe,9,No change,2028,2028.5,8295.16,8974.747,17269.907,44.642
716,Zimbabwe,9,No change,2029,2029.5,8481.791,9153.884,17635.675,45.588
716,Zimbabwe,9,No change,2030,2030.5,8674.519,9338.571,18013.09,46.564
716,Zimbabwe,9,No change,2031,2031.5,8872.862,9528.559,18401.421,47.567
716,Zimbabwe,9,No change,2032,2032.5,9076.359,9723.533,18799.892,48.597
716,Zimbabwe,9,No change,2033,2033.5,9284.583,9923.165,19207.748,49.652
716,Zimbabwe,9,No change,2034,2034.5,9497.139,10127.064,19624.203,50.728
716,Zimbabwe,9,No change,2035,2035.5,9713.666,10334.89,20048.556,51.825
716,Zimbabwe,9,No change,2036,2036.5,9933.808,10546.386,20480.194,52.941
716,Zimbabwe,9,No change,2037,2037.5,10157.232,10761.311,20918.543,54.074
716,Zimbabwe,9,No change,2038,2038.5,10383.659,10979.365,21363.024,55.223
716,Zimbabwe,9,No change,2039,2039.5,10612.843,11200.256,21813.099,56.386
716,Zimbabwe,9,No change,2040,2040.5,10844.558,11423.703,22268.261,57.563
716,Zimbabwe,9,No change,2041,2041.5,11078.605,11649.552,22728.157,58.752
716,Zimbabwe,9,No change,2042,2042.5,11314.812,11877.632,23192.444,59.952
716,Zimbabwe,9,No change,2043,2043.5,11552.908,12107.709,23660.617,61.162
716,Zimbabwe,9,No change,2044,2044.5,11792.647,12339.53,24132.177,62.381
716,Zimbabwe,9,No change,2045,2045.5,12033.825,12572.928,24606.753,63.608
716,Zimbabwe,9,No change,2046,2046.5,12276.407,12807.834,25084.241,64.842
716,Zimbabwe,9,No change,2047,2047.5,12520.424,13044.307,25564.731,66.084
716,Zimbabwe,9,No change,2048,2048.5,12765.954,13282.38,26048.334,67.334
716,Zimbabwe,9,No change,2049,2049.5,13013.113,13522.164,26535.277,68.593
716,Zimbabwe,9,No change,2050,2050.5,13262.065,13763.799,27025.864,69.861
716,Zimbabwe,9,No change,2051,2051.5,13512.892,14007.342,27520.234,71.139
716,Zimbabwe,9,No change,2052,2052.5,13765.78,14253.007,28018.787,72.428
716,Zimbabwe,9,No change,2053,2053.5,14021.169,14501.194,28522.363,73.73
716,Zimbabwe,9,No change,2054,2054.5,14279.623,14752.418,29032.041,75.047
716,Zimbabwe,9,No change,2055,2055.5,14541.603,15007.119,29548.722,76.383
716,Zimbabwe,9,No change,2056,2056.5,14807.318,15265.517,30072.835,77.738
716,Zimbabwe,9,No change,2057,2057.5,15076.918,15527.763,30604.681,79.113
716,Zimbabwe,9,No change,2058,2058.5,15350.674,15794.138,31144.812,80.509
716,Zimbabwe,9,No change,2059,2059.5,15628.878,16064.938,31693.816,81.928
716,Zimbabwe,9,No change,2060,2060.5,15911.769,16340.404,32252.173,83.371
716,Zimbabwe,9,No change,2061,2061.5,16199.482,16620.708,32820.19,84.84
716,Zimbabwe,9,No change,2062,2062.5,16492.049,16905.911,33397.96,86.333
716,Zimbabwe,9,No change,2063,2063.5,16789.476,17196.079,33985.555,87.852
716,Zimbabwe,9,No change,2064,2064.5,17091.679,17491.203,34582.882,89.396
716,Zimbabwe,9,No change,2065,2065.5,17398.58,17791.272,35189.852,90.965
716,Zimbabwe,9,No change,2066,2066.5,17710.189,18096.347,35806.536,92.559
716,Zimbabwe,9,No change,2067,2067.5,18026.458,18406.406,36432.864,94.178
716,Zimbabwe,9,No change,2068,2068.5,18347.145,18721.32,37068.465,95.821
716,Zimbabwe,9,No change,2069,2069.5,18671.961,19040.861,37712.822,97.487
716,Zimbabwe,9,No change,2070,2070.5,19000.65,19364.871,38365.521,99.174
716,Zimbabwe,9,No change,2071,2071.5,19333.147,19693.329,39026.476,100.883
716,Zimbabwe,9,No change,2072,2072.5,19669.445,20026.227,39695.672,102.613
716,Zimbabwe,9,No change,2073,2073.5,20009.383,20363.454,40372.837,104.363
716,Zimbabwe,9,No change,2074,2074.5,20352.802,20704.876,41057.678,106.133
716,Zimbabwe,9,No change,2075,2075.5,20699.601,21050.422,41750.023,107.923
716,Zimbabwe,9,No change,2076,2076.5,21049.779,21400.094,42449.873,109.732
716,Zimbabwe,9,No change,2077,2077.5,21403.433,21753.964,43157.397,111.561
716,Zimbabwe,9,No change,2078,2078.5,21760.671,22112.08,43872.751,113.41
716,Zimbabwe,9,No change,2079,2079.5,22121.644,22474.55,44596.194,115.28
716,Zimbabwe,9,No change,2080,2080.5,22486.553,22841.472,45328.025,117.172
716,Zimbabwe,9,No change,2081,2081.5,22855.525,23212.956,46068.481,119.086
716,Zimbabwe,9,No change,2082,2082.5,23228.763,23589.155,46817.918,121.023
716,Zimbabwe,9,No change,2083,2083.5,23606.575,23970.312,47576.887,122.985
716,Zimbabwe,9,No change,2084,2084.5,23989.403,24356.737,48346.14,124.974
716,Zimbabwe,9,No change,2085,2085.5,24377.599,24748.712,49126.311,126.991
716,Zimbabwe,9,No change,2086,2086.5,24771.389,25146.408,49917.797,129.037
716,Zimbabwe,9,No change,2087,2087.5,25170.98,25550.012,50720.992,131.113
716,Zimbabwe,9,No change,2088,2088.5,25576.719,25959.817,51536.536,133.221
716,Zimbabwe,9,No change,2089,2089.5,25988.978,26376.161,52365.139,135.363
716,Zimbabwe,9,No change,2090,2090.5,26408.075,26799.313,53207.388,137.54
716,Zimbabwe,9,No change,2091,2091.5,26834.231,27229.491,54063.722,139.754
716,Zimbabwe,9,No change,2092,2092.5,27267.603,27666.844,54934.447,142.005
716,Zimbabwe,9,No change,2093,2093.5,27708.296,28111.505,55819.801,144.293
716,Zimbabwe,9,No change,2094,2094.5,28156.384,28563.56,56719.944,146.62
716,Zimbabwe,9,No change,2095,2095.5,28611.934,29023.138,57635.072,148.986
716,Zimbabwe,9,No change,2096,2096.5,29075.033,29490.342,58565.375,151.39
716,Zimbabwe,9,No change,2097,2097.5,29545.791,29965.321,59511.112,153.835
716,Zimbabwe,9,No change,2098,2098.5,30024.295,30448.233,60472.528,156.32
716,Zimbabwe,9,No change,2099,2099.5,30510.683,30939.247,61449.93,158.847
716,Zimbabwe,9,No change,2100,2100.5,31005.09,31438.565,62443.655,161.416
716,Zimbabwe,10,Momentum,2020,2020.5,7092.01,7770.917,14862.927,38.42
716,Zimbabwe,10,Momentum,2021,2021.5,7186.635,7858.169,15044.804,38.891
716,Zimbabwe,10,Momentum,2022,2022.5,7277.273,7939.346,15216.619,39.335
716,Zimbabwe,10,Momentum,2023,2023.5,7365.943,8017.15,15383.093,39.765
716,Zimbabwe,10,Momentum,2024,2024.5,7455.514,8095.369,15550.883,40.199
716,Zimbabwe,10,Momentum,2025,2025.5,7548.099,8176.815,15724.914,40.649
716,Zimbabwe,10,Momentum,2026,2026.5,7644.319,8262.455,15906.774,41.119
716,Zimbabwe,10,Momentum,2027,2027.5,7743.776,8351.871,16095.647,41.607
716,Zimbabwe,10,Momentum,2028,2028.5,7846.294,8444.737,16291.031,42.112
716,Zimbabwe,10,Momentum,2029,2029.5,7951.368,8540.238,16491.606,42.63
716,Zimbabwe,10,Momentum,2030,2030.5,8058.575,8637.741,16696.316,43.16
716,Zimbabwe,10,Momentum,2031,2031.5,8167.86,8737.222,16905.082,43.699
716,Zimbabwe,10,Momentum,2032,2032.5,8279.273,8838.869,17118.142,44.25
716,Zimbabwe,10,Momentum,2033,2033.5,8392.554,8942.439,17334.993,44.811
716,Zimbabwe,10,Momentum,2034,2034.5,8507.374,9047.603,17554.977,45.379
716,Zimbabwe,10,Momentum,2035,2035.5,8623.369,9154.013,17777.382,45.954
716,Zimbabwe,10,Momentum,2036,2036.5,8740.275,9261.397,18001.672,46.534
716,Zimbabwe,10,Momentum,2037,2037.5,8857.688,9369.37,18227.058,47.117
716,Zimbabwe,10,Momentum,2038,2038.5,8974.859,9477.214,18452.073,47.698
716,Zimbabwe,10,Momentum,2039,2039.5,9090.948,9584.088,18675.036,48.275
716,Zimbabwe,10,Momentum,2040,2040.5,9205.185,9689.276,18894.461,48.842
716,Zimbabwe,10,Momentum,2041,2041.5,9317.18,9792.361,19109.541,49.398
716,Zimbabwe,10,Momentum,2042,2042.5,9426.608,9893.049,19319.657,49.941
716,Zimbabwe,10,Momentum,2043,2043.5,9532.916,9990.83,19523.746,50.469
716,Zimbabwe,10,Momentum,2044,2044.5,9635.562,10085.183,19720.745,50.978
716,Zimbabwe,10,Momentum,2045,2045.5,9734.085,10175.689,19909.774,51.466
716,Zimbabwe,10,Momentum,2046,2046.5,9828.239,10262.096,20090.335,51.933
716,Zimbabwe,10,Momentum,2047,2047.5,9917.886,10344.287,20262.173,52.377
716,Zimbabwe,10,Momentum,2048,2048.5,10002.869,10422.121,20424.99,52.798
716,Zimbabwe,10,Momentum,2049,2049.5,10083.091,10495.507,20578.598,53.195
716,Zimbabwe,10,Momentum,2050,2050.5,10158.55,10564.448,20722.998,53.569
716,Zimbabwe,10,Momentum,2051,2051.5,10229.212,10628.919,20858.131,53.918
716,Zimbabwe,10,Momentum,2052,2052.5,10295.222,10689.058,20984.28,54.244
716,Zimbabwe,10,Momentum,2053,2053.5,10356.982,10745.228,21102.21,54.549
716,Zimbabwe,10,Momentum,2054,2054.5,10415.026,10797.919,21212.945,54.835
716,Zimbabwe,10,Momentum,2055,2055.5,10469.842,10847.588,21317.43,55.105
716,Zimbabwe,10,Momentum,2056,2056.5,10521.604,10894.386,21415.99,55.36
716,Zimbabwe,10,Momentum,2057,2057.5,10570.52,10938.543,21509.063,55.601
716,Zimbabwe,10,Momentum,2058,2058.5,10617.143,10980.598,21597.741,55.83
716,Zimbabwe,10,Momentum,2059,2059.5,10662.127,11021.188,21683.315,56.051
716,Zimbabwe,10,Momentum,2060,2060.5,10705.986,11060.829,21766.815,56.267
716,Zimbabwe,10,Momentum,2061,2061.5,10748.954,11099.743,21848.697,56.478
716,Zimbabwe,10,Momentum,2062,2062.5,10791.067,11138.006,21929.073,56.686
716,Zimbabwe,10,Momentum,2063,2063.5,10832.378,11175.699,22008.077,56.89
716,Zimbabwe,10,Momentum,2064,2064.5,10872.859,11212.824,22085.683,57.091
716,Zimbabwe,10,Momentum,2065,2065.5,10912.415,11249.36,22161.775,57.288
716,Zimbabwe,10,Momentum,2066,2066.5,10951.112,11285.364,22236.476,57.481
716,Zimbabwe,10,Momentum,2067,2067.5,10988.888,11320.797,22309.685,57.67
716,Zimbabwe,10,Momentum,2068,2068.5,11025.473,11355.443,22380.916,57.854
716,Zimbabwe,10,Momentum,2069,2069.5,11060.492,11388.997,22449.489,58.032
716,Zimbabwe,10,Momentum,2070,2070.5,11093.637,11421.205,22514.842,58.2
716,Zimbabwe,10,Momentum,2071,2071.5,11124.797,11451.956,22576.753,58.36
716,Zimbabwe,10,Momentum,2072,2072.5,11153.915,11481.172,22635.087,58.511
716,Zimbabwe,10,Momentum,2073,2073.5,11180.696,11508.565,22689.261,58.651
716,Zimbabwe,10,Momentum,2074,2074.5,11204.806,11533.806,22738.612,58.779
716,Zimbabwe,10,Momentum,2075,2075.5,11226.028,11556.651,22782.679,58.893
716,Zimbabwe,10,Momentum,2076,2076.5,11244.29,11576.998,22821.288,58.993
716,Zimbabwe,10,Momentum,2077,2077.5,11259.62,11594.816,22854.436,59.078
716,Zimbabwe,10,Momentum,2078,2078.5,11272.038,11610.05,22882.088,59.15
716,Zimbabwe,10,Momentum,2079,2079.5,11281.596,11622.632,22904.228,59.207
716,Zimbabwe,10,Momentum,2080,2080.5,11288.413,11632.57,22920.983,59.25
716,Zimbabwe,10,Momentum,2081,2081.5,11292.555,11639.883,22932.438,59.28
716,Zimbabwe,10,Momentum,2082,2082.5,11294.188,11644.674,22938.862,59.297
716,Zimbabwe,10,Momentum,2083,2083.5,11293.609,11647.128,22940.737,59.301
716,Zimbabwe,10,Momentum,2084,2084.5,11291.222,11647.489,22938.711,59.296
716,Zimbabwe,10,Momentum,2085,2085.5,11287.375,11646.018,22933.393,59.282
716,Zimbabwe,10,Momentum,2086,2086.5,11282.265,11642.852,22925.117,59.261
716,Zimbabwe,10,Momentum,2087,2087.5,11276.108,11638.19,22914.298,59.233
716,Zimbabwe,10,Momentum,2088,2088.5,11269.293,11632.349,22901.642,59.2
716,Zimbabwe,10,Momentum,2089,2089.5,11262.246,11625.738,22887.984,59.165
716,Zimbabwe,10,Momentum,2090,2090.5,11255.345,11618.677,22874.022,59.129
716,Zimbabwe,10,Momentum,2091,2091.5,11248.822,11611.458,22860.28,59.093
716,Zimbabwe,10,Momentum,2092,2092.5,11242.879,11604.256,22847.135,59.059
716,Zimbabwe,10,Momentum,2093,2093.5,11237.618,11597.241,22834.859,59.028
716,Zimbabwe,10,Momentum,2094,2094.5,11233.143,11590.563,22823.706,58.999
716,Zimbabwe,10,Momentum,2095,2095.5,11229.546,11584.394,22813.94,58.974
716,Zimbabwe,10,Momentum,2096,2096.5,11226.954,11578.951,22805.905,58.953
716,Zimbabwe,10,Momentum,2097,2097.5,11225.516,11574.459,22799.975,58.938
716,Zimbabwe,10,Momentum,2098,2098.5,11225.42,11571.221,22796.641,58.929
716,Zimbabwe,10,Momentum,2099,2099.5,11226.872,11569.515,22796.387,58.928
716,Zimbabwe,10,Momentum,2100,2100.5,11230.095,11569.745,22799.84,58.937
716,Zimbabwe,202,Median PI,2020,2020.5,7092.01,7770.917,14862.927,38.42
716,Zimbabwe,202,Median PI,2025,2025.5,7706.226,8404.259,16110.485,41.645
716,Zimbabwe,202,Median PI,2030,2030.5,8460.496,9135.945,17596.441,45.486
716,Zimbabwe,202,Median PI,2035,2035.5,9282.642,9929.452,19212.094,49.663
716,Zimbabwe,202,Median PI,2040,2040.5,10119.831,10743.779,20863.61,53.932
716,Zimbabwe,202,Median PI,2045,2045.5,10928.288,11536.425,22464.713,58.071
716,Zimbabwe,202,Median PI,2050,2050.5,11674.193,12273.728,23947.921,61.905
716,Zimbabwe,202,Median PI,2055,2055.5,12341.023,12938.835,25279.858,65.348
716,Zimbabwe,202,Median PI,2060,2060.5,12938.595,13538.755,26477.35,68.443
716,Zimbabwe,202,Median PI,2065,2065.5,13478.401,14085.836,27564.237,71.253
716,Zimbabwe,202,Median PI,2070,2070.5,13954.736,14578.587,28533.323,73.758
716,Zimbabwe,202,Median PI,2075,2075.5,14351.154,15007.862,29359.016,75.893
716,Zimbabwe,202,Median PI,2080,2080.5,14652.29,15361.256,30013.546,77.584
716,Zimbabwe,202,Median PI,2085,2085.5,14852.313,15629.568,30481.881,78.795
716,Zimbabwe,202,Median PI,2090,2090.5,14962.875,15811.528,30774.403,79.551
716,Zimbabwe,202,Median PI,2095,2095.5,15006.298,15918.847,30925.145,79.941
716,Zimbabwe,202,Median PI,2100,2100.5,15001.252,15964.169,30965.421,80.045
716,Zimbabwe,203,Upper 80 PI,2020,2020.5,7092.01,7770.917,14862.927,38.42
716,Zimbabwe,203,Upper 80 PI,2025,2025.5,7800.016,8496.376,16296.084,42.125
716,Zimbabwe,203,Upper 80 PI,2030,2030.5,8666.964,9340.199,18007.014,46.548
716,Zimbabwe,203,Upper 80 PI,2035,2035.5,9643.992,10289.891,19934.932,51.531
716,Zimbabwe,203,Upper 80 PI,2040,2040.5,10668.636,11290.812,21956.654,56.758
716,Zimbabwe,203,Upper 80 PI,2045,2045.5,11697.889,12305.708,23995.16,62.027
716,Zimbabwe,203,Upper 80 PI,2050,2050.5,12712.877,13301.198,26006.511,67.226
716,Zimbabwe,203,Upper 80 PI,2055,2055.5,13693.764,14269.185,27961.38,72.28
716,Zimbabwe,203,Upper 80 PI,2060,2060.5,14658.263,15222.446,29896.052,77.281
716,Zimbabwe,203,Upper 80 PI,2065,2065.5,15608.107,16173.908,31785.068,82.164
716,Zimbabwe,203,Upper 80 PI,2070,2070.5,16513,17107.491,33606.509,86.872
716,Zimbabwe,203,Upper 80 PI,2075,2075.5,17367.08,17989.777,35340.832,91.355
716,Zimbabwe,203,Upper 80 PI,2080,2080.5,18147.088,18793.942,36967.831,95.561
716,Zimbabwe,203,Upper 80 PI,2085,2085.5,18826.719,19541.787,38377.158,99.204
716,Zimbabwe,203,Upper 80 PI,2090,2090.5,19442.534,20216.833,39637.339,102.462
716,Zimbabwe,203,Upper 80 PI,2095,2095.5,19946.372,20811.288,40790.253,105.442
716,Zimbabwe,203,Upper 80 PI,2100,2100.5,20456.585,21364.909,41849.784,108.181
716,Zimbabwe,204,Lower 80 PI,2020,2020.5,7092.01,7770.917,14862.927,38.42
716,Zimbabwe,204,Lower 80 PI,2025,2025.5,7614.105,8312.352,15926.772,41.17
716,Zimbabwe,204,Lower 80 PI,2030,2030.5,8255.756,8934.481,17188.472,44.432
716,Zimbabwe,204,Lower 80 PI,2035,2035.5,8937.965,9589.482,18531.719,47.904
716,Zimbabwe,204,Lower 80 PI,2040,2040.5,9604.657,10231.5,19839.362,51.284
716,Zimbabwe,204,Lower 80 PI,2045,2045.5,10216.86,10834.775,21050.917,54.416
716,Zimbabwe,204,Lower 80 PI,2050,2050.5,10732.257,11339.884,22081.468,57.08
716,Zimbabwe,204,Lower 80 PI,2055,2055.5,11152.263,11754.648,22903.648,59.206
716,Zimbabwe,204,Lower 80 PI,2060,2060.5,11466.913,12073.374,23543.835,60.86
716,Zimbabwe,204,Lower 80 PI,2065,2065.5,11682.97,12304.584,23992.494,62.02
716,Zimbabwe,204,Lower 80 PI,2070,2070.5,11833.759,12455.044,24306.396,62.832
716,Zimbabwe,204,Lower 80 PI,2075,2075.5,11907.826,12565.364,24479.652,63.279
716,Zimbabwe,204,Lower 80 PI,2080,2080.5,11861.535,12575.555,24428.94,63.148
716,Zimbabwe,204,Lower 80 PI,2085,2085.5,11720.659,12524.139,24258.23,62.707
716,Zimbabwe,204,Lower 80 PI,2090,2090.5,11493.622,12372.635,23858.619,61.674
716,Zimbabwe,204,Lower 80 PI,2095,2095.5,11210.061,12174.245,23372.934,60.419
716,Zimbabwe,204,Lower 80 PI,2100,2100.5,10940.333,11906.259,22837.851,59.035
716,Zimbabwe,206,Upper 95 PI,2020,2020.5,7092.01,7770.917,14862.927,38.42
716,Zimbabwe,206,Upper 95 PI,2025,2025.5,7850.704,8545.419,16396.109,42.384
716,Zimbabwe,206,Upper 95 PI,2030,2030.5,8785.563,9457.994,18240.188,47.151
716,Zimbabwe,206,Upper 95 PI,2035,2035.5,9831.301,10475.324,20307.717,52.495
716,Zimbabwe,206,Upper 95 PI,2040,2040.5,10952.426,11575.297,22525.346,58.228
716,Zimbabwe,206,Upper 95 PI,2045,2045.5,12105.33,12711.956,24815.44,64.147
716,Zimbabwe,206,Upper 95 PI,2050,2050.5,13257.486,13850.15,27095.362,70.041
716,Zimbabwe,206,Upper 95 PI,2055,2055.5,14421.547,14999.9,29409.977,76.024
716,Zimbabwe,206,Upper 95 PI,2060,2060.5,15601.53,16189.693,31755.594,82.088
716,Zimbabwe,206,Upper 95 PI,2065,2065.5,16788.545,17363.925,34156.989,88.295
716,Zimbabwe,206,Upper 95 PI,2070,2070.5,18003.378,18540.349,36517.145,94.396
716,Zimbabwe,206,Upper 95 PI,2075,2075.5,19112.099,19734.69,38826.663,100.366
716,Zimbabwe,206,Upper 95 PI,2080,2080.5,20210.119,20812.71,41016.488,106.027
716,Zimbabwe,206,Upper 95 PI,2085,2085.5,21265.474,21946.047,43155.48,111.556
716,Zimbabwe,206,Upper 95 PI,2090,2090.5,22173.546,22945.327,45200.92,116.844
716,Zimbabwe,206,Upper 95 PI,2095,2095.5,23118.941,23951.108,46968.812,121.413
716,Zimbabwe,206,Upper 95 PI,2100,2100.5,24052.718,24794.651,48869.194,126.326
716,Zimbabwe,207,Lower 95 PI,2020,2020.5,7092.01,7770.917,14862.927,38.42
716,Zimbabwe,207,Lower 95 PI,2025,2025.5,7569.21,8268.047,15837.694,40.94
716,Zimbabwe,207,Lower 95 PI,2030,2030.5,8150.017,8829.377,16977.065,43.885
716,Zimbabwe,207,Lower 95 PI,2035,2035.5,8754.526,9406.272,18165.552,46.958
716,Zimbabwe,207,Lower 95 PI,2040,2040.5,9326.555,9964.196,19300.624,49.892
716,Zimbabwe,207,Lower 95 PI,2045,2045.5,9842.686,10461.723,20315.249,52.515
716,Zimbabwe,207,Lower 95 PI,2050,2050.5,10261.423,10867.035,21130.742,54.623
716,Zimbabwe,207,Lower 95 PI,2055,2055.5,10556.06,11147.271,21714.125,56.131
716,Zimbabwe,207,Lower 95 PI,2060,2060.5,10727.408,11347.592,22095.575,57.117
716,Zimbabwe,207,Lower 95 PI,2065,2065.5,10804.121,11433.32,22264.163,57.552
716,Zimbabwe,207,Lower 95 PI,2070,2070.5,10832.082,11459.417,22284.469,57.605
716,Zimbabwe,207,Lower 95 PI,2075,2075.5,10744.919,11404.441,22177.551,57.329
716,Zimbabwe,207,Lower 95 PI,2080,2080.5,10576.533,11255.983,21836.893,56.448
716,Zimbabwe,207,Lower 95 PI,2085,2085.5,10293.349,11050.875,21355.988,55.205
716,Zimbabwe,207,Lower 95 PI,2090,2090.5,9920.336,10767.709,20689.956,53.483
716,Zimbabwe,207,Lower 95 PI,2095,2095.5,9503.711,10412.184,19892.08,51.421
716,Zimbabwe,207,Lower 95 PI,2100,2100.5,9090.075,9996.105,19061.177,49.273